codigo_omm,station_name,state,state_initials,region,latitude,longitude,altitude,altitude_type,start_operation_date,station_situation,data_situation,estacao,data,hora,temp_comp_media,umidade_relativa_media,velocidade_vento_media
82098,MACAPA,Amapa,AP,Norte,-0.05,-51.11,14.46,meters,1925-01-01,operante,operante01/01/2016,0000,29,70.5,1.933333,
82098,MACAPA,Amapa,AP,Norte,-0.05,-51.11,14.46,meters,1925-01-01,operante,operante02/01/2016,0000,28.8,75,2.333333,
82098,MACAPA,Amapa,AP,Norte,-0.05,-51.11,14.46,meters,1925-01-01,operante,operante03/01/2016,0000,28.58,76.5,1.8,
82098,MACAPA,Amapa,AP,Norte,-0.05,-51.11,14.46,meters,1925-01-01,operante,operante04/01/2016,0000,27.68,76.5,2.9,
82098,MACAPA,Amapa,AP,Norte,-0.05,-51.11,14.46,meters,1925-01-01,operante,operante05/01/2016,0000,28.56,73,3.733333,
82098,MACAPA,Amapa,AP,Norte,-0.05,-51.11,14.46,meters,1925-01-01,operante,operante06/01/2016,0000,28.64,72.75,2.4,
82098,MACAPA,Amapa,AP,Norte,-0.05,-51.11,14.46,meters,1925-01-01,operante,operante07/01/2016,0000,28.34,75.5,3.633333,
82098,MACAPA,Amapa,AP,Norte,-0.05,-51.11,14.46,meters,1925-01-01,operante,operante08/01/2016,0000,28.4,69.25,3.633333,
82098,MACAPA,Amapa,AP,Norte,-0.05,-51.11,14.46,meters,1925-01-01,operante,operante09/01/2016,0000,28.12,69.25,2.6,
82098,MACAPA,Amapa,AP,Norte,-0.05,-51.11,14.46,meters,1925-01-01,operante,operante10/01/2016,0000,28.16,75,1.1,
82098,MACAPA,Amapa,AP,Norte,-0.05,-51.11,14.46,meters,1925-01-01,operante,operante11/01/2016,0000,26.2,90.25,1.6,
82098,MACAPA,Amapa,AP,Norte,-0.05,-51.11,14.46,meters,1925-01-01,operante,operante12/01/2016,0000,26.46,85,0.666667,
82098,MACAPA,Amapa,AP,Norte,-0.05,-51.11,14.46,meters,1925-01-01,operante,operante13/01/2016,0000,27.68,77.75,1,
82098,MACAPA,Amapa,AP,Norte,-0.05,-51.11,14.46,meters,1925-01-01,operante,operante14/01/2016,0000,28.28,80,1.8,
82098,MACAPA,Amapa,AP,Norte,-0.05,-51.11,14.46,meters,1925-01-01,operante,operante15/01/2016,0000,27.68,81.5,2.6,
82098,MACAPA,Amapa,AP,Norte,-0.05,-51.11,14.46,meters,1925-01-01,operante,operante16/01/2016,0000,28.76,75.75,2.033333,
82098,MACAPA,Amapa,AP,Norte,-0.05,-51.11,14.46,meters,1925-01-01,operante,operante17/01/2016,0000,28.66,73.75,1.7,
82098,MACAPA,Amapa,AP,Norte,-0.05,-51.11,14.46,meters,1925-01-01,operante,operante18/01/2016,0000,27.64,78.5,1.6,
82098,MACAPA,Amapa,AP,Norte,-0.05,-51.11,14.46,meters,1925-01-01,operante,operante19/01/2016,0000,26.88,81,1.666667,
82098,MACAPA,Amapa,AP,Norte,-0.05,-51.11,14.46,meters,1925-01-01,operante,operante20/01/2016,0000,25.76,86.25,2.233333,
82098,MACAPA,Amapa,AP,Norte,-0.05,-51.11,14.46,meters,1925-01-01,operante,operante21/01/2016,0000,27.54,79,2.866667,
82098,MACAPA,Amapa,AP,Norte,-0.05,-51.11,14.46,meters,1925-01-01,operante,operante22/01/2016,0000,27.48,78.75,1.333333,
82098,MACAPA,Amapa,AP,Norte,-0.05,-51.11,14.46,meters,1925-01-01,operante,operante23/01/2016,0000,27.8,77.5,1.366667,
82098,MACAPA,Amapa,AP,Norte,-0.05,-51.11,14.46,meters,1925-01-01,operante,operante24/01/2016,0000,28.68,72.25,2.266667,
82098,MACAPA,Amapa,AP,Norte,-0.05,-51.11,14.46,meters,1925-01-01,operante,operante25/01/2016,0000,,79.25,2.733333,
82098,MACAPA,Amapa,AP,Norte,-0.05,-51.11,14.46,meters,1925-01-01,operante,operante26/01/2016,0000,27.22,81,1.6,
82098,MACAPA,Amapa,AP,Norte,-0.05,-51.11,14.46,meters,1925-01-01,operante,operante27/01/2016,0000,26.86,83.5,1.333333,
82098,MACAPA,Amapa,AP,Norte,-0.05,-51.11,14.46,meters,1925-01-01,operante,operante28/01/2016,0000,27.84,78.25,1.966667,
82098,MACAPA,Amapa,AP,Norte,-0.05,-51.11,14.46,meters,1925-01-01,operante,operante29/01/2016,0000,25.78,84.5,1.2,
82098,MACAPA,Amapa,AP,Norte,-0.05,-51.11,14.46,meters,1925-01-01,operante,operante30/01/2016,0000,24.88,92.5,0.6,
82098,MACAPA,Amapa,AP,Norte,-0.05,-51.11,14.46,meters,1925-01-01,operante,operante31/01/2016,0000,25.24,88.25,0.6,
82098,MACAPA,Amapa,AP,Norte,-0.05,-51.11,14.46,meters,1925-01-01,operante,operante01/02/2016,0000,24.74,93,1,
82098,MACAPA,Amapa,AP,Norte,-0.05,-51.11,14.46,meters,1925-01-01,operante,operante02/02/2016,0000,26,86.75,1.3,
82098,MACAPA,Amapa,AP,Norte,-0.05,-51.11,14.46,meters,1925-01-01,operante,operante03/02/2016,0000,26.48,86.5,0.333333,
82098,MACAPA,Amapa,AP,Norte,-0.05,-51.11,14.46,meters,1925-01-01,operante,operante04/02/2016,0000,25.28,95.5,1.4,
82098,MACAPA,Amapa,AP,Norte,-0.05,-51.11,14.46,meters,1925-01-01,operante,operante05/02/2016,0000,26.2,86.75,1,
82098,MACAPA,Amapa,AP,Norte,-0.05,-51.11,14.46,meters,1925-01-01,operante,operante06/02/2016,0000,27.14,83.25,0.5,
82098,MACAPA,Amapa,AP,Norte,-0.05,-51.11,14.46,meters,1925-01-01,operante,operante07/02/2016,0000,28.24,78.25,0.533333,
82098,MACAPA,Amapa,AP,Norte,-0.05,-51.11,14.46,meters,1925-01-01,operante,operante08/02/2016,0000,27.88,80.25,2.166667,
82098,MACAPA,Amapa,AP,Norte,-0.05,-51.11,14.46,meters,1925-01-01,operante,operante09/02/2016,0000,29.1,75.5,2.266667,
82098,MACAPA,Amapa,AP,Norte,-0.05,-51.11,14.46,meters,1925-01-01,operante,operante10/02/2016,0000,27.24,86.75,0.566667,
82098,MACAPA,Amapa,AP,Norte,-0.05,-51.11,14.46,meters,1925-01-01,operante,operante11/02/2016,0000,25.42,88.25,0,
82098,MACAPA,Amapa,AP,Norte,-0.05,-51.11,14.46,meters,1925-01-01,operante,operante12/02/2016,0000,26.14,86.5,0.766667,
82098,MACAPA,Amapa,AP,Norte,-0.05,-51.11,14.46,meters,1925-01-01,operante,operante13/02/2016,0000,27.2,79.25,0.766667,
82098,MACAPA,Amapa,AP,Norte,-0.05,-51.11,14.46,meters,1925-01-01,operante,operante14/02/2016,0000,26.52,83.75,0.6,
82098,MACAPA,Amapa,AP,Norte,-0.05,-51.11,14.46,meters,1925-01-01,operante,operante15/02/2016,0000,27.94,81.75,0.866667,
82098,MACAPA,Amapa,AP,Norte,-0.05,-51.11,14.46,meters,1925-01-01,operante,operante16/02/2016,0000,27.44,87.5,0,
82098,MACAPA,Amapa,AP,Norte,-0.05,-51.11,14.46,meters,1925-01-01,operante,operante17/02/2016,0000,28.62,81,1.066667,
82098,MACAPA,Amapa,AP,Norte,-0.05,-51.11,14.46,meters,1925-01-01,operante,operante18/02/2016,0000,27.2,81,0.666667,
82098,MACAPA,Amapa,AP,Norte,-0.05,-51.11,14.46,meters,1925-01-01,operante,operante19/02/2016,0000,27.36,85.25,1.066667,
82098,MACAPA,Amapa,AP,Norte,-0.05,-51.11,14.46,meters,1925-01-01,operante,operante20/02/2016,0000,26.42,87.5,0,
82098,MACAPA,Amapa,AP,Norte,-0.05,-51.11,14.46,meters,1925-01-01,operante,operante21/02/2016,0000,27.56,83.25,0.6,
82098,MACAPA,Amapa,AP,Norte,-0.05,-51.11,14.46,meters,1925-01-01,operante,operante22/02/2016,0000,28.58,78.75,0.6,
82098,MACAPA,Amapa,AP,Norte,-0.05,-51.11,14.46,meters,1925-01-01,operante,operante23/02/2016,0000,28.48,87.5,2.766667,
82098,MACAPA,Amapa,AP,Norte,-0.05,-51.11,14.46,meters,1925-01-01,operante,operante24/02/2016,0000,26.52,87.75,1.333333,
82098,MACAPA,Amapa,AP,Norte,-0.05,-51.11,14.46,meters,1925-01-01,operante,operante25/02/2016,0000,26.58,92.25,1,
82098,MACAPA,Amapa,AP,Norte,-0.05,-51.11,14.46,meters,1925-01-01,operante,operante26/02/2016,0000,25.6,95.75,0.333333,
82098,MACAPA,Amapa,AP,Norte,-0.05,-51.11,14.46,meters,1925-01-01,operante,operante27/02/2016,0000,27.18,86.75,0,
82098,MACAPA,Amapa,AP,Norte,-0.05,-51.11,14.46,meters,1925-01-01,operante,operante28/02/2016,0000,27.28,84,0.766667,
82098,MACAPA,Amapa,AP,Norte,-0.05,-51.11,14.46,meters,1925-01-01,operante,operante29/02/2016,0000,27.96,84.75,0.333333,
82098,MACAPA,Amapa,AP,Norte,-0.05,-51.11,14.46,meters,1925-01-01,operante,operante01/03/2016,0000,28,85.5,0.666667,
82098,MACAPA,Amapa,AP,Norte,-0.05,-51.11,14.46,meters,1925-01-01,operante,operante02/03/2016,0000,27.88,82.25,0.333333,
82098,MACAPA,Amapa,AP,Norte,-0.05,-51.11,14.46,meters,1925-01-01,operante,operante03/03/2016,0000,26.92,87.75,0.333333,
82098,MACAPA,Amapa,AP,Norte,-0.05,-51.11,14.46,meters,1925-01-01,operante,operante04/03/2016,0000,28.52,76.75,1.4,
82098,MACAPA,Amapa,AP,Norte,-0.05,-51.11,14.46,meters,1925-01-01,operante,operante05/03/2016,0000,28.16,80.75,0.766667,
82098,MACAPA,Amapa,AP,Norte,-0.05,-51.11,14.46,meters,1925-01-01,operante,operante06/03/2016,0000,28.42,77.5,0,
82098,MACAPA,Amapa,AP,Norte,-0.05,-51.11,14.46,meters,1925-01-01,operante,operante07/03/2016,0000,26,93.25,0,
82098,MACAPA,Amapa,AP,Norte,-0.05,-51.11,14.46,meters,1925-01-01,operante,operante08/03/2016,0000,26.52,90,0.333333,
82098,MACAPA,Amapa,AP,Norte,-0.05,-51.11,14.46,meters,1925-01-01,operante,operante09/03/2016,0000,27.88,82.5,0.666667,
82098,MACAPA,Amapa,AP,Norte,-0.05,-51.11,14.46,meters,1925-01-01,operante,operante10/03/2016,0000,25,93.5,0,
82098,MACAPA,Amapa,AP,Norte,-0.05,-51.11,14.46,meters,1925-01-01,operante,operante11/03/2016,0000,25.9,89.5,1.8,
82098,MACAPA,Amapa,AP,Norte,-0.05,-51.11,14.46,meters,1925-01-01,operante,operante12/03/2016,0000,27.72,80.75,0.766667,
82098,MACAPA,Amapa,AP,Norte,-0.05,-51.11,14.46,meters,1925-01-01,operante,operante13/03/2016,0000,27.84,84.25,0.433333,
82098,MACAPA,Amapa,AP,Norte,-0.05,-51.11,14.46,meters,1925-01-01,operante,operante14/03/2016,0000,28.12,81,0.666667,
82098,MACAPA,Amapa,AP,Norte,-0.05,-51.11,14.46,meters,1925-01-01,operante,operante15/03/2016,0000,27.12,86.75,0,
82098,MACAPA,Amapa,AP,Norte,-0.05,-51.11,14.46,meters,1925-01-01,operante,operante16/03/2016,0000,25.88,92,0.866667,
82098,MACAPA,Amapa,AP,Norte,-0.05,-51.11,14.46,meters,1925-01-01,operante,operante17/03/2016,0000,26.7,90.25,0.866667,
82098,MACAPA,Amapa,AP,Norte,-0.05,-51.11,14.46,meters,1925-01-01,operante,operante18/03/2016,0000,27.76,85.75,0.666667,
82098,MACAPA,Amapa,AP,Norte,-0.05,-51.11,14.46,meters,1925-01-01,operante,operante19/03/2016,0000,27.02,90.25,0,
82098,MACAPA,Amapa,AP,Norte,-0.05,-51.11,14.46,meters,1925-01-01,operante,operante20/03/2016,0000,26.8,83,0.533333,
82098,MACAPA,Amapa,AP,Norte,-0.05,-51.11,14.46,meters,1925-01-01,operante,operante21/03/2016,0000,27.78,82.75,0.866667,
82098,MACAPA,Amapa,AP,Norte,-0.05,-51.11,14.46,meters,1925-01-01,operante,operante22/03/2016,0000,26.82,89.5,0.933333,
82098,MACAPA,Amapa,AP,Norte,-0.05,-51.11,14.46,meters,1925-01-01,operante,operante23/03/2016,0000,26.54,89.5,1.266667,
82098,MACAPA,Amapa,AP,Norte,-0.05,-51.11,14.46,meters,1925-01-01,operante,operante24/03/2016,0000,25.66,93,0.8,
82098,MACAPA,Amapa,AP,Norte,-0.05,-51.11,14.46,meters,1925-01-01,operante,operante25/03/2016,0000,27.24,85.25,1.8,
82098,MACAPA,Amapa,AP,Norte,-0.05,-51.11,14.46,meters,1925-01-01,operante,operante26/03/2016,0000,26.84,89,0.5,
82098,MACAPA,Amapa,AP,Norte,-0.05,-51.11,14.46,meters,1925-01-01,operante,operante27/03/2016,0000,26.06,91.75,0,
82098,MACAPA,Amapa,AP,Norte,-0.05,-51.11,14.46,meters,1925-01-01,operante,operante28/03/2016,0000,25.64,94.75,0.666667,
82098,MACAPA,Amapa,AP,Norte,-0.05,-51.11,14.46,meters,1925-01-01,operante,operante29/03/2016,0000,26.06,89.75,1.933333,
82098,MACAPA,Amapa,AP,Norte,-0.05,-51.11,14.46,meters,1925-01-01,operante,operante30/03/2016,0000,27.5,85.5,0,
82098,MACAPA,Amapa,AP,Norte,-0.05,-51.11,14.46,meters,1925-01-01,operante,operante31/03/2016,0000,27.58,86,1.633333,
82098,MACAPA,Amapa,AP,Norte,-0.05,-51.11,14.46,meters,1925-01-01,operante,operante01/04/2016,0000,26.42,90.5,0.666667,
82098,MACAPA,Amapa,AP,Norte,-0.05,-51.11,14.46,meters,1925-01-01,operante,operante02/04/2016,0000,27.3,83,0.766667,
82098,MACAPA,Amapa,AP,Norte,-0.05,-51.11,14.46,meters,1925-01-01,operante,operante03/04/2016,0000,25.14,93,0,
82098,MACAPA,Amapa,AP,Norte,-0.05,-51.11,14.46,meters,1925-01-01,operante,operante04/04/2016,0000,27.54,82.75,1.066667,
82098,MACAPA,Amapa,AP,Norte,-0.05,-51.11,14.46,meters,1925-01-01,operante,operante05/04/2016,0000,27.26,85.25,1.666667,
82098,MACAPA,Amapa,AP,Norte,-0.05,-51.11,14.46,meters,1925-01-01,operante,operante06/04/2016,0000,28.18,81.5,1.133333,
82098,MACAPA,Amapa,AP,Norte,-0.05,-51.11,14.46,meters,1925-01-01,operante,operante07/04/2016,0000,28.68,80,1.133333,
82098,MACAPA,Amapa,AP,Norte,-0.05,-51.11,14.46,meters,1925-01-01,operante,operante08/04/2016,0000,28.54,78.25,1.4,
82098,MACAPA,Amapa,AP,Norte,-0.05,-51.11,14.46,meters,1925-01-01,operante,operante09/04/2016,0000,27.48,85.75,0.766667,
82098,MACAPA,Amapa,AP,Norte,-0.05,-51.11,14.46,meters,1925-01-01,operante,operante10/04/2016,0000,26.74,92.25,1.1,
82098,MACAPA,Amapa,AP,Norte,-0.05,-51.11,14.46,meters,1925-01-01,operante,operante11/04/2016,0000,26.86,86.5,1.066667,
82098,MACAPA,Amapa,AP,Norte,-0.05,-51.11,14.46,meters,1925-01-01,operante,operante12/04/2016,0000,25.56,94.25,0.333333,
82098,MACAPA,Amapa,AP,Norte,-0.05,-51.11,14.46,meters,1925-01-01,operante,operante13/04/2016,0000,25.26,91.5,0.666667,
82098,MACAPA,Amapa,AP,Norte,-0.05,-51.11,14.46,meters,1925-01-01,operante,operante14/04/2016,0000,27.04,86,0.333333,
82098,MACAPA,Amapa,AP,Norte,-0.05,-51.11,14.46,meters,1925-01-01,operante,operante15/04/2016,0000,28.02,80.25,0.8,
82098,MACAPA,Amapa,AP,Norte,-0.05,-51.11,14.46,meters,1925-01-01,operante,operante16/04/2016,0000,29.02,77.25,1.9,
82098,MACAPA,Amapa,AP,Norte,-0.05,-51.11,14.46,meters,1925-01-01,operante,operante17/04/2016,0000,27.8,90,0,
82098,MACAPA,Amapa,AP,Norte,-0.05,-51.11,14.46,meters,1925-01-01,operante,operante18/04/2016,0000,26.68,89.25,0,
82098,MACAPA,Amapa,AP,Norte,-0.05,-51.11,14.46,meters,1925-01-01,operante,operante19/04/2016,0000,26.94,89.25,0.333333,
82098,MACAPA,Amapa,AP,Norte,-0.05,-51.11,14.46,meters,1925-01-01,operante,operante20/04/2016,0000,28.06,84.25,1.2,
82098,MACAPA,Amapa,AP,Norte,-0.05,-51.11,14.46,meters,1925-01-01,operante,operante21/04/2016,0000,27.2,92.75,0.666667,
82098,MACAPA,Amapa,AP,Norte,-0.05,-51.11,14.46,meters,1925-01-01,operante,operante22/04/2016,0000,26.96,88.25,0.333333,
82098,MACAPA,Amapa,AP,Norte,-0.05,-51.11,14.46,meters,1925-01-01,operante,operante23/04/2016,0000,27.4,86.25,2.966667,
82098,MACAPA,Amapa,AP,Norte,-0.05,-51.11,14.46,meters,1925-01-01,operante,operante24/04/2016,0000,25.82,91,0,
82098,MACAPA,Amapa,AP,Norte,-0.05,-51.11,14.46,meters,1925-01-01,operante,operante25/04/2016,0000,26.06,93.5,0.333333,
82098,MACAPA,Amapa,AP,Norte,-0.05,-51.11,14.46,meters,1925-01-01,operante,operante26/04/2016,0000,26.82,91,0.333333,
82098,MACAPA,Amapa,AP,Norte,-0.05,-51.11,14.46,meters,1925-01-01,operante,operante27/04/2016,0000,28.54,79.75,2,
82098,MACAPA,Amapa,AP,Norte,-0.05,-51.11,14.46,meters,1925-01-01,operante,operante28/04/2016,0000,,77.5,2.266667,
82098,MACAPA,Amapa,AP,Norte,-0.05,-51.11,14.46,meters,1925-01-01,operante,operante29/04/2016,0000,27.5,89,0.666667,
82098,MACAPA,Amapa,AP,Norte,-0.05,-51.11,14.46,meters,1925-01-01,operante,operante30/04/2016,0000,28.3,79.5,0.333333,
82098,MACAPA,Amapa,AP,Norte,-0.05,-51.11,14.46,meters,1925-01-01,operante,operante01/05/2016,0000,28.36,79.75,0.6,
82098,MACAPA,Amapa,AP,Norte,-0.05,-51.11,14.46,meters,1925-01-01,operante,operante02/05/2016,0000,28.88,75.75,0.633333,
82098,MACAPA,Amapa,AP,Norte,-0.05,-51.11,14.46,meters,1925-01-01,operante,operante03/05/2016,0000,29.02,77,1.9,
82098,MACAPA,Amapa,AP,Norte,-0.05,-51.11,14.46,meters,1925-01-01,operante,operante04/05/2016,0000,25.6,92,0.866667,
82098,MACAPA,Amapa,AP,Norte,-0.05,-51.11,14.46,meters,1925-01-01,operante,operante05/05/2016,0000,27.54,84.25,1.266667,
82098,MACAPA,Amapa,AP,Norte,-0.05,-51.11,14.46,meters,1925-01-01,operante,operante06/05/2016,0000,28.3,73.75,2,
82098,MACAPA,Amapa,AP,Norte,-0.05,-51.11,14.46,meters,1925-01-01,operante,operante07/05/2016,0000,28.56,79,1.133333,
82098,MACAPA,Amapa,AP,Norte,-0.05,-51.11,14.46,meters,1925-01-01,operante,operante08/05/2016,0000,27.56,90.5,0,
82098,MACAPA,Amapa,AP,Norte,-0.05,-51.11,14.46,meters,1925-01-01,operante,operante09/05/2016,0000,28.08,85,1.2,
82098,MACAPA,Amapa,AP,Norte,-0.05,-51.11,14.46,meters,1925-01-01,operante,operante10/05/2016,0000,27,87.75,0,
82098,MACAPA,Amapa,AP,Norte,-0.05,-51.11,14.46,meters,1925-01-01,operante,operante11/05/2016,0000,27.08,89.75,0.8,
82098,MACAPA,Amapa,AP,Norte,-0.05,-51.11,14.46,meters,1925-01-01,operante,operante12/05/2016,0000,27.4,91.5,0.666667,
82098,MACAPA,Amapa,AP,Norte,-0.05,-51.11,14.46,meters,1925-01-01,operante,operante13/05/2016,0000,28.28,77.25,2.133333,
82098,MACAPA,Amapa,AP,Norte,-0.05,-51.11,14.46,meters,1925-01-01,operante,operante14/05/2016,0000,28.38,76.25,1.466667,
82098,MACAPA,Amapa,AP,Norte,-0.05,-51.11,14.46,meters,1925-01-01,operante,operante15/05/2016,0000,27.7,84,0.333333,
82098,MACAPA,Amapa,AP,Norte,-0.05,-51.11,14.46,meters,1925-01-01,operante,operante16/05/2016,0000,28.2,85.25,0.666667,
82098,MACAPA,Amapa,AP,Norte,-0.05,-51.11,14.46,meters,1925-01-01,operante,operante17/05/2016,0000,27.9,80.75,1.2,
82098,MACAPA,Amapa,AP,Norte,-0.05,-51.11,14.46,meters,1925-01-01,operante,operante18/05/2016,0000,27.96,83.25,0.333333,
82098,MACAPA,Amapa,AP,Norte,-0.05,-51.11,14.46,meters,1925-01-01,operante,operante19/05/2016,0000,28.76,76.25,1.533333,
82098,MACAPA,Amapa,AP,Norte,-0.05,-51.11,14.46,meters,1925-01-01,operante,operante20/05/2016,0000,28.82,78.25,2.5,
82098,MACAPA,Amapa,AP,Norte,-0.05,-51.11,14.46,meters,1925-01-01,operante,operante21/05/2016,0000,28.3,82,1.6,
82098,MACAPA,Amapa,AP,Norte,-0.05,-51.11,14.46,meters,1925-01-01,operante,operante22/05/2016,0000,28.84,74.25,1.366667,
82098,MACAPA,Amapa,AP,Norte,-0.05,-51.11,14.46,meters,1925-01-01,operante,operante23/05/2016,0000,28.66,85.25,0.466667,
82098,MACAPA,Amapa,AP,Norte,-0.05,-51.11,14.46,meters,1925-01-01,operante,operante24/05/2016,0000,28.78,78.5,1.666667,
82098,MACAPA,Amapa,AP,Norte,-0.05,-51.11,14.46,meters,1925-01-01,operante,operante25/05/2016,0000,28.76,76.5,1,
82098,MACAPA,Amapa,AP,Norte,-0.05,-51.11,14.46,meters,1925-01-01,operante,operante26/05/2016,0000,29.12,76,1.7,
82098,MACAPA,Amapa,AP,Norte,-0.05,-51.11,14.46,meters,1925-01-01,operante,operante27/05/2016,0000,27.98,82,0,
82098,MACAPA,Amapa,AP,Norte,-0.05,-51.11,14.46,meters,1925-01-01,operante,operante28/05/2016,0000,27.98,78.75,1.8,
82098,MACAPA,Amapa,AP,Norte,-0.05,-51.11,14.46,meters,1925-01-01,operante,operante29/05/2016,0000,27.7,85,0.6,
82098,MACAPA,Amapa,AP,Norte,-0.05,-51.11,14.46,meters,1925-01-01,operante,operante30/05/2016,0000,28.12,83.75,1.866667,
82098,MACAPA,Amapa,AP,Norte,-0.05,-51.11,14.46,meters,1925-01-01,operante,operante31/05/2016,0000,26.82,88.25,0.6,
82098,MACAPA,Amapa,AP,Norte,-0.05,-51.11,14.46,meters,1925-01-01,operante,operante01/06/2016,0000,28.62,77.25,0.68592,
82098,MACAPA,Amapa,AP,Norte,-0.05,-51.11,14.46,meters,1925-01-01,operante,operante02/06/2016,0000,28.16,78.75,0.68592,
82098,MACAPA,Amapa,AP,Norte,-0.05,-51.11,14.46,meters,1925-01-01,operante,operante03/06/2016,0000,28.64,77,0.68592,
82098,MACAPA,Amapa,AP,Norte,-0.05,-51.11,14.46,meters,1925-01-01,operante,operante04/06/2016,0000,28.64,81,1.02888,
82098,MACAPA,Amapa,AP,Norte,-0.05,-51.11,14.46,meters,1925-01-01,operante,operante05/06/2016,0000,27.74,84.5,1.37184,
82098,MACAPA,Amapa,AP,Norte,-0.05,-51.11,14.46,meters,1925-01-01,operante,operante06/06/2016,0000,27.92,78.75,1.7148,
82098,MACAPA,Amapa,AP,Norte,-0.05,-51.11,14.46,meters,1925-01-01,operante,operante07/06/2016,0000,28.06,77,1.20036,
82098,MACAPA,Amapa,AP,Norte,-0.05,-51.11,14.46,meters,1925-01-01,operante,operante08/06/2016,0000,28.68,73.75,2.05776,
82098,MACAPA,Amapa,AP,Norte,-0.05,-51.11,14.46,meters,1925-01-01,operante,operante09/06/2016,0000,28.32,74,1.20036,
82098,MACAPA,Amapa,AP,Norte,-0.05,-51.11,14.46,meters,1925-01-01,operante,operante10/06/2016,0000,27.38,82.75,0.68592,
82098,MACAPA,Amapa,AP,Norte,-0.05,-51.11,14.46,meters,1925-01-01,operante,operante11/06/2016,0000,28.46,72.25,0.68592,
82098,MACAPA,Amapa,AP,Norte,-0.05,-51.11,14.46,meters,1925-01-01,operante,operante12/06/2016,0000,28.28,72,0.51444,
82098,MACAPA,Amapa,AP,Norte,-0.05,-51.11,14.46,meters,1925-01-01,operante,operante13/06/2016,0000,28.26,73.75,0.34296,
82098,MACAPA,Amapa,AP,Norte,-0.05,-51.11,14.46,meters,1925-01-01,operante,operante14/06/2016,0000,27.6,79.5,1.7148,
82098,MACAPA,Amapa,AP,Norte,-0.05,-51.11,14.46,meters,1925-01-01,operante,operante15/06/2016,0000,27.34,84.25,0,
82098,MACAPA,Amapa,AP,Norte,-0.05,-51.11,14.46,meters,1925-01-01,operante,operante16/06/2016,0000,27.56,81,0.34296,
82098,MACAPA,Amapa,AP,Norte,-0.05,-51.11,14.46,meters,1925-01-01,operante,operante17/06/2016,0000,26.46,86.75,0.68592,
82098,MACAPA,Amapa,AP,Norte,-0.05,-51.11,14.46,meters,1925-01-01,operante,operante18/06/2016,0000,27.4,74.5,0.68592,
82098,MACAPA,Amapa,AP,Norte,-0.05,-51.11,14.46,meters,1925-01-01,operante,operante19/06/2016,0000,27.34,81.75,0.68592,
82098,MACAPA,Amapa,AP,Norte,-0.05,-51.11,14.46,meters,1925-01-01,operante,operante20/06/2016,0000,27.28,83.5,0.8574,
82098,MACAPA,Amapa,AP,Norte,-0.05,-51.11,14.46,meters,1925-01-01,operante,operante21/06/2016,0000,26.56,87,2.40072,
82098,MACAPA,Amapa,AP,Norte,-0.05,-51.11,14.46,meters,1925-01-01,operante,operante22/06/2016,0000,26.26,84.5,0.68592,
82098,MACAPA,Amapa,AP,Norte,-0.05,-51.11,14.46,meters,1925-01-01,operante,operante23/06/2016,0000,26.04,82.5,1.88628,
82098,MACAPA,Amapa,AP,Norte,-0.05,-51.11,14.46,meters,1925-01-01,operante,operante24/06/2016,0000,26.9,82.75,1.37184,
82098,MACAPA,Amapa,AP,Norte,-0.05,-51.11,14.46,meters,1925-01-01,operante,operante25/06/2016,0000,27,84.25,0,
82098,MACAPA,Amapa,AP,Norte,-0.05,-51.11,14.46,meters,1925-01-01,operante,operante26/06/2016,0000,27.38,83.25,0.68592,
82098,MACAPA,Amapa,AP,Norte,-0.05,-51.11,14.46,meters,1925-01-01,operante,operante27/06/2016,0000,27.34,83.75,0.34296,
82098,MACAPA,Amapa,AP,Norte,-0.05,-51.11,14.46,meters,1925-01-01,operante,operante28/06/2016,0000,27.52,81,1.20036,
82098,MACAPA,Amapa,AP,Norte,-0.05,-51.11,14.46,meters,1925-01-01,operante,operante29/06/2016,0000,26.66,87.25,0.34296,
82098,MACAPA,Amapa,AP,Norte,-0.05,-51.11,14.46,meters,1925-01-01,operante,operante30/06/2016,0000,27.6,80.25,1.02888,
82098,MACAPA,Amapa,AP,Norte,-0.05,-51.11,14.46,meters,1925-01-01,operante,operante01/07/2016,0000,26.78,89,0.68592,
82098,MACAPA,Amapa,AP,Norte,-0.05,-51.11,14.46,meters,1925-01-01,operante,operante02/07/2016,0000,26.5,84,0.68592,
82098,MACAPA,Amapa,AP,Norte,-0.05,-51.11,14.46,meters,1925-01-01,operante,operante03/07/2016,0000,26.28,86.5,0.68592,
82098,MACAPA,Amapa,AP,Norte,-0.05,-51.11,14.46,meters,1925-01-01,operante,operante04/07/2016,0000,26.98,83.25,0,
82098,MACAPA,Amapa,AP,Norte,-0.05,-51.11,14.46,meters,1925-01-01,operante,operante05/07/2016,0000,26.1,94,0.68592,
82098,MACAPA,Amapa,AP,Norte,-0.05,-51.11,14.46,meters,1925-01-01,operante,operante06/07/2016,0000,26.96,84.75,0.34296,
82098,MACAPA,Amapa,AP,Norte,-0.05,-51.11,14.46,meters,1925-01-01,operante,operante07/07/2016,0000,26.76,88,0.34296,
82098,MACAPA,Amapa,AP,Norte,-0.05,-51.11,14.46,meters,1925-01-01,operante,operante08/07/2016,0000,28.18,75.25,2.05776,
82098,MACAPA,Amapa,AP,Norte,-0.05,-51.11,14.46,meters,1925-01-01,operante,operante09/07/2016,0000,28.42,75.75,1.7148,
82098,MACAPA,Amapa,AP,Norte,-0.05,-51.11,14.46,meters,1925-01-01,operante,operante10/07/2016,0000,27.66,79.5,0.68592,
